epoch,train_Loss,val_Loss,train_CE_Loss,val_CE_Loss,train_Aux_Loss,val_Aux_Loss,train_Accuracy,val_Accuracy,train_Macro_F1,val_Macro_F1,train_Class0_Precision,val_Class0_Precision,train_Class0_Recall,val_Class0_Recall,train_Class0_F1,val_Class0_F1,train_Class0_F2,val_Class0_F2,train_ChgAcc,val_ChgAcc,train_Ordinal_MAE,val_Ordinal_MAE,train_AUC,val_AUC,train_QWK,val_QWK,Learning_Rate,context_mask_prob,val_MetricScore,val_CheckpointScore
1,0.842637300491333,0.8470346331596375,0.8426355123519897,0.8470328450202942,1.805501597118564e-06,1.8130357375412132e-06,0.76629623486482,0.7552204176334106,0.4870640432695028,0.47744568289983585,0.0,0.0,0.0,0.0,0.0,0.0,0.0,0.0,0.2630480167014614,0.1791044776119403,0.25062199369713056,0.26218097447795824,0.7541701277489596,0.7762235519066047,0.44549009125997585,0.42481206927111026,0.001,0.2,0.5604448044173955,0.5086541701549498
2,0.684543788433075,0.6863228678703308,0.6845408082008362,0.686319887638092,2.9647169412783114e-06,2.9736636406596517e-06,0.8122408359595289,0.8039443155452436,0.525817782487164,0.518387314439946,0.0,0.0,0.0,0.0,0.0,0.0,0.0,0.0,0.27139874739039666,0.23880597014925373,0.2006966329407862,0.2088167053364269,0.8451020748363015,0.8582130643390103,0.5608478231193851,0.5462543127260598,0.001,0.1925,0.6176429309206911,0.5854691206650532
