Model,Split,Accuracy,Macro_F1,Weighted_F1,AUC,QWK
FR_PLL,Test,0.9239698200812536,0.8049428016855101,0.9226669700804794,0.9609828646028462,0.8691756231782886
FR_PLL,Test,0.9239698200812536,0.8049428016855101,0.9226669700804794,0.9610300983353302,0.8691756231782886
FR_PLL,Val,0.9211136890951276,0.8055205256041128,0.9197404451908046,0.9577760775193216,0.8619505835329571
FR_PLL,Val,0.9211136890951276,0.8055205256041128,0.9197404451908046,0.9566372042314724,0.8619505835329571
