Model,Split,Accuracy,Macro_F1,Weighted_F1,AUC,QWK
FR_TTLPXL,Test,0.9245502031340684,0.8087999889907246,0.9231209623039508,0.9712160051073732,0.8725297263705658
FR_TTLPXL,Test,0.9245502031340684,0.8087999889907246,0.9231209623039508,0.9711254767355344,0.8725297263705658
FR_TTLPXL,Val,0.9234338747099768,0.8195126845874846,0.9222207571753144,0.972330668400098,0.8658392994897752
FR_TTLPXL,Val,0.9234338747099768,0.8195126845874846,0.9222207571753144,0.9707025696632828,0.8658392994897752
