Model,Split,Accuracy,Macro_F1,AUC,QWK
LightGBM,Test,0.8787878787878788,0.7388515998301574,0.9154616505435006,0.8151741502308015
LightGBM,Val,0.9114441416893732,0.7318467583732379,0.9427270778054946,0.8179653787014532
