Model,Split,Accuracy,Macro_F1,AUC,QWK
LightGBM,Test,0.9199071387115496,0.8011677555073735,0.9596801639839216,0.8635498943246466
LightGBM,Test,0.9199071387115496,0.8011677555073735,0.9596850477777078,0.8635498943246466
LightGBM,Val,0.919953596287703,0.801236121748825,0.9504860863038136,0.8606055161261342
LightGBM,Val,0.919953596287703,0.801236121748825,0.9486296185466644,0.8606055161261342
