Model,Split,Accuracy,Macro_F1,AUC,QWK
LightGBM,Test,0.91874637260592,0.7970168317635707,0.9630665309564612,0.8622049423880211
LightGBM,Val,0.919953596287703,0.7991872374449507,0.956322376855682,0.8588504994268872
