accuracy,precision_weighted,recall_weighted,f1_macro,f1_weighted,qwk,auc
0.8787878787878788,0.8733124598978257,0.8787878787878788,0.7388515998301574,0.874986964490317,0.8151741502308015,0.9316016886662412
