accuracy,precision_weighted,recall_weighted,f1_macro,f1_weighted,qwk,auc
0.91874637260592,0.9178029276156654,0.91874637260592,0.7970168317635707,0.9180203288186413,0.8622049423880211,0.9654027336187069
