accuracy,precision_weighted,recall_weighted,f1_macro,f1_weighted,qwk,auc
0.9199071387115496,0.9188479563463275,0.9199071387115496,0.8011677555073735,0.9190185928764513,0.8635498943246466,0.9656378713856985
