Split,Accuracy,Precision_Weighted,Recall_Weighted,Macro_F1,Weighted_F1,AUC,QWK
Val,0.919953596287703,0.9182832937967541,0.919953596287703,0.7991872374449507,0.9181783405388664,0.9563223768556819,0.8588504994268872
Test,0.91874637260592,0.9178029276156654,0.91874637260592,0.7970168317635707,0.9180203288186413,0.9630665309564611,0.8622049423880211
