Split,Class0_Threshold,Accuracy,Precision_Weighted,Recall_Weighted,Macro_F1,Weighted_F1,Class0_Precision,Class0_Recall,Class0_F1,Class0_F2,Class0_Support,AUC,QWK,ChgAcc,Ordinal_MAE
Val_PersistenceBaseline,,0.9222737819025522,0.9238586139304786,0.9222737819025522,0.8385356600694757,0.9229106458299051,0.6285714285714286,0.7333333333333333,0.676923076923077,0.7096774193548386,30,0.9036286532109458,0.8710992241173052,0.0,0.07888631090487239
Test_PersistenceBaseline,,0.9245502031340684,0.9251618681204067,0.9245502031340684,0.8315765543815087,0.9248379449276897,0.639344262295082,0.6610169491525424,0.65,0.6565656565656566,59,0.8949235597134191,0.8749899761336516,0.0,0.07603017991874637
Val_RawArgmax,,0.9245939675174014,0.9248351337641062,0.9245939675174014,0.8435262845766087,0.924707190452476,0.6774193548387096,0.7,0.6885245901639344,0.695364238410596,30,0.9695737213869272,0.8782766246801041,0.04477611940298507,0.07540603248259861
Test_RawArgmax,,0.9210679048171794,0.9211432781048353,0.9210679048171794,0.8195624829252117,0.9210748568164868,0.631578947368421,0.6101694915254238,0.6206896551724138,0.6143344709897611,59,0.963351919356637,0.8682536932060412,0.007692307692307693,0.07951247823563552
Val_Class0Calibrated,0.39,0.9245939675174014,0.9253645706819,0.9245939675174014,0.8466831476256971,0.9249157030963777,0.6666666666666666,0.7333333333333333,0.6984126984126984,0.7189542483660131,30,0.9695737213869272,0.8792763909178269,0.029850746268656716,0.07540603248259861
Test_Class0Calibrated,0.39,0.9216482878699942,0.9221334269924533,0.9216482878699942,0.8257410730634818,0.9218749683403689,0.6333333333333333,0.6440677966101694,0.6386554621848739,0.6418918918918918,59,0.963351919356637,0.8700198435475671,0.0,0.07893209518282066
