mode,target,rows,classes,min_class_count,accuracy,balanced_accuracy,f1_macro,f1_weighted,notch_exact,notch_off_1,notch_off_ge_2
multiclass,binary_rating,8680.0,2.0,3111.0,0.358294930875576,0.5,0.263782866836302,0.18902412807854818,,,
multiclass,rating_class,8680.0,10.0,5.0,0.3197004608294931,0.1019736842105263,0.052429714453497755,0.15872145524426534,0.3197004608294931,0.4423963133640553,0.23790322580645162
multiclass,rating_detail,8680.0,20.0,22.0,0.05933179723502304,0.05394190871369294,0.011451513575242298,0.02322569982212714,0.05953757225433526,0.09710982658959537,0.8433526011560694
