Metric,BestValue,BestEpoch
Train Loss,0.2617558579209249,79
Val Loss,0.27607234925239105,79
Train Accuracy,0.9212994738046214,79
Val Accuracy,0.9269141531322506,79
