Metric,BestValue,BestEpoch
Train Loss,0.2387889128504779,86
Val Loss,0.27326712368397593,71
Train Accuracy,0.9281628917867765,89
Val Accuracy,0.9280742459396751,55
Val Macro_F1,0.8577262450999789,55
Val ChgAcc,0.34328358208955223,1
Final Loss Gap,0.02850407748547329,100
Final ValLoss Drift,0.0013190047024573825,100
ValLoss Last10 Mean,0.2748824964439509,100
ValLoss Last10 Std,0.0001714602770534358,100
