accuracy,precision_weighted,recall_weighted,f1_macro,f1_weighted,qwk,auc
0.9193267556587348,0.9175586571360665,0.9193267556587348,0.7827551533433886,0.9178421751225685,0.8614231615768804,0.9535322591924041
