,precision,recall,f1-score,support
0,0.723404255319149,0.576271186440678,0.6415094339622641,59.0
1,0.8769497400346621,0.9051878354203936,0.8908450704225352,559.0
2,0.9636032757051866,0.9583710407239819,0.9609800362976406,1105.0
accuracy,0.9280325014509576,0.9280325014509576,0.9280325014509576,0.9280325014509576
macro avg,0.8546524236863325,0.8132766875283512,0.8311115135608134,1723.0
weighted avg,0.9272648725463941,0.9280325014509576,0.9272863558205825,1723.0
