feature,mean_abs_shap
current_ratio,0.049556709300809916
debt_equity_ratio,0.04797442878488154
gross_profit_margin,0.04124130788113689
roa,0.03397333035051512
roe,0.0331802841865283
asset_turnover,0.032798960730158595
free_cashflow_ps,0.032291344214879954
operating_cashflow_ps,0.030061367374476806
operating_profit_margin,0.02545647592948323
pretax_profit_margin,0.025188181728582195
ebit_margin,0.018650832030693388
net_profit_margin,0.015892343573796097
