Metric,BestValue,BestEpoch
Train Loss,0.1069026486711832,73
Val Loss,0.2331800248335909,73
Train Accuracy,0.9613360787005262,73
Val Accuracy,0.919953596287703,73
