Split,Calibration,Protocol,NLL,Objective,CDF_EMD2,Brier,ECE,Accuracy,Macro_F1,Weighted_F1,QWK,Ordinal_MAE,AUC_ROC_OVR_Macro,AUC,ChgAcc,Temperature
Val,raw,benchmark_ce,0.23307123246892558,0.23307123246892558,0.03192802794634303,0.12408659336620287,0.03436353489282473,0.919953596287703,0.7360824315374065,0.9129609994059459,0.850321236325751,0.08120649651972157,0.9752067889749351,0.9752067889749351,,1.3443810592044407
Val,temperature_oof,benchmark_ce,0.21981917990766775,0.21981917990766775,0.031224956773277097,0.12088186946071343,0.016098244851948697,0.919953596287703,0.7360824315374065,0.9129609994059459,0.850321236325751,0.08120649651972157,0.9750966512499838,0.9750966512499838,,1.3443810592044407
Test,raw,benchmark_ce,0.23896524542452185,0.23896524542452185,0.031163978222480335,0.12070149587021278,0.030199904312272756,0.9245502031340684,0.7527681348184183,0.921084579314159,0.8585644288954816,0.07777132907719095,0.969685043894767,0.969685043894767,,1.3443810592044407
Test,temperature,benchmark_ce,0.22403490002052426,0.22403490002052426,0.030801820295502994,0.11868714111655305,0.013374662040848955,0.9245502031340684,0.7527681348184183,0.921084579314159,0.8585644288954816,0.07777132907719095,0.9699164819722507,0.9699164819722507,,1.3443810592044407
