Model,Split,Accuracy,Macro_F1,Weighted_F1,AUC,QWK
FI_TTX,Test,0.9251305861868834,0.7746310646229732,0.9220837609661878,0.9731816717286114,0.8712838031525383
FI_TTX,Test,0.9251305861868834,0.7746310646229732,0.9220837609661878,0.9733040146486256,0.8712838031525383
FI_TTX,Val,0.925754060324826,0.7753966933532933,0.920898722925114,0.978482841472347,0.8630532620706335
FI_TTX,Val,0.925754060324826,0.7753966933532933,0.920898722925114,0.9779188134013062,0.8630532620706335
