Split,Class0_Threshold,Checkpoint,Checkpoint_Epoch,Persistence_Prior_Scale,Final_Train_CE_Loss,Final_Val_CE_Loss,Final_Loss_Gap,Accuracy,Precision_Weighted,Recall_Weighted,Macro_F1,Weighted_F1,Class0_Precision,Class0_Recall,Class0_F1,Class0_F2,Class0_Support,AUC,QWK,ChgAcc,Ordinal_MAE
Val_PersistenceBaseline,,balanced_loss,55,2.0,0.2762921154499054,0.2890302240848541,0.01273810863494873,0.9222737819025522,0.9238586139304786,0.9222737819025522,0.8385356600694757,0.9229106458299051,0.6285714285714286,0.7333333333333333,0.676923076923077,0.7096774193548386,30,0.9036286532109458,0.8710992241173052,0.0,0.07888631090487239
Test_PersistenceBaseline,,balanced_loss,55,2.0,0.2762921154499054,0.2890302240848541,0.01273810863494873,0.9245502031340684,0.9251618681204067,0.9245502031340684,0.8315765543815087,0.9248379449276897,0.639344262295082,0.6610169491525424,0.65,0.6565656565656566,59,0.8949235597134191,0.8749899761336516,0.0,0.07603017991874637
Val_RawArgmax,,balanced_loss,55,2.0,0.2762921154499054,0.2890302240848541,0.01273810863494873,0.919953596287703,0.91735049210214,0.919953596287703,0.7860035467478866,0.9178260512660114,0.65,0.43333333333333335,0.52,0.46428571428571436,30,0.9746558815726004,0.8645635511592639,0.1044776119402985,0.08004640371229699
Test_RawArgmax,,balanced_loss,55,2.0,0.2762921154499054,0.2890302240848541,0.01273810863494873,0.922809053975624,0.9219031187356704,0.922809053975624,0.8210946739818583,0.9220118642611861,0.7021276595744681,0.559322033898305,0.6226415094339622,0.5830388692579505,59,0.9704280812296183,0.8711849562979173,0.06153846153846154,0.0771909460243761
Val_Class0Calibrated,0.18,balanced_loss,55,2.0,0.2762921154499054,0.2890302240848541,0.01273810863494873,0.9187935034802784,0.9233788626020538,0.9187935034802784,0.8186705234442478,0.9204412168155987,0.5365853658536586,0.7333333333333333,0.6197183098591549,0.6832298136645962,30,0.9746558815726004,0.8579415311056687,0.04477611940298507,0.08468677494199536
Test_Class0Calibrated,0.18,balanced_loss,55,2.0,0.2762921154499054,0.2890302240848541,0.01273810863494873,0.9129425420777714,0.9192197403062738,0.9129425420777714,0.8031268436456442,0.9153304418768393,0.49411764705882355,0.711864406779661,0.5833333333333334,0.6542056074766355,59,0.9704280812296183,0.846977521303111,0.03076923076923077,0.09112013929193268
