Metric,BestValue,BestEpoch
Train Loss,0.23068496250459897,27
Val Loss,0.2682312553415719,27
Train Accuracy,0.922786547700755,27
Val Accuracy,0.9164733178654292,27
