Split,Calibration,Protocol,NLL,Objective,CDF_EMD2,Brier,ECE,Accuracy,Macro_F1,Weighted_F1,QWK,Ordinal_MAE,AUC_ROC_OVR_Macro,AUC,ChgAcc,Temperature
Val,raw,benchmark_ce,0.2685182951473259,0.2685182951473259,0.03335702913363881,0.13085741761958192,0.027159457174354588,0.919953596287703,0.7895933542107801,0.9176753196558407,0.8580589682837357,0.08120649651972157,0.9564709565954511,0.9564709565954511,,1.1642475729588655
Val,temperature_oof,benchmark_ce,0.26515979978368975,0.26515979978368975,0.03351536785023425,0.13154775146002556,0.02606996207532191,0.919953596287703,0.7895933542107801,0.9176753196558407,0.8580589682837357,0.08120649651972157,0.9554233215434977,0.9554233215434977,,1.1642475729588655
Test,raw,benchmark_ce,0.2760671050455764,0.2760671050455764,0.035015019636858824,0.13719392250785928,0.02659437343555443,0.9175856065002902,0.7717181160125945,0.9156343280439859,0.8577319916382276,0.08299477655252467,0.9543324180483101,0.9543324180483101,,1.1642475729588655
Test,temperature,benchmark_ce,0.2705301139678177,0.2705301139678177,0.03495692492542065,0.13692337221080653,0.012593725365842415,0.9175856065002902,0.7717181160125945,0.9156343280439859,0.8577319916382276,0.08299477655252467,0.954403170124166,0.954403170124166,,1.1642475729588655
