,precision,recall,f1-score,support
Distressed,0.5853658536585366,0.4067796610169492,0.48,59.0
HY,0.8591065292096219,0.8944543828264758,0.8764241893076249,559.0
IG,0.9609090909090909,0.9565610859728507,0.9587301587301588,1105.0
accuracy,0.9175856065002902,0.9175856065002902,0.9175856065002902,0.9175856065002902
macro avg,0.8017938245924165,0.7525983766054253,0.7717181160125945,1723.0
weighted avg,0.9150212888268008,0.9175856065002902,0.9156343280439859,1723.0
