Split,Accuracy,Macro_F1,Weighted_F1,AUC,QWK,ChgAcc,PersistenceRate
Val,0.919953596287703,0.7895933542107801,0.9176753196558407,0.9564709565954511,0.8580589682837357,0.11940298507462686,0.9791183294663574
Test,0.9175856065002902,0.7717181160125945,0.9156343280439859,0.9543324180483101,0.8577319916382276,0.046153846153846156,0.9860708067324434
