,precision,recall,f1-score,support
0,0.8235294117647058,0.4745762711864407,0.6021505376344086,59.0
1,0.8573825503355704,0.9141323792486583,0.8848484848484849,559.0
2,0.9615736505032022,0.951131221719457,0.9563239308462238,1105.0
accuracy,0.922809053975624,0.922809053975624,0.922809053975624,0.922809053975624
macro avg,0.880828537534493,0.7799466240515187,0.814440984443039,1723.0
weighted avg,0.9230435082633429,0.922809053975624,0.9210070390805633,1723.0
