feature,mean_abs_shap
current_ratio,0.04543402851817923
pretax_profit_margin,0.039083101831945695
roa,0.030810907929359626
asset_turnover,0.022364345082880595
debt_equity_ratio,0.020916379406116903
net_profit_margin,0.020752616782879665
operating_cashflow_ps,0.017326766276609205
operating_profit_margin,0.015630843425040234
roe,0.01131506685891913
gross_profit_margin,0.010589887676663542
ebit_margin,0.00955133599846805
free_cashflow_ps,0.007664604653352096
