{
  "hidden_size": 64,
  "d_model": 52,
  "n_heads": 1,
  "n_layers": 1,
  "dropout": 0.38798504082669927,
  "pre_lstm_dropout": 0.26980176699290304,
  "batch_size": 48,
  "lr": 3.871410154694745e-05,
  "max_lr": 0.0005999999999999997,
  "weight_decay": 0.0005,
  "focal_gamma": 1.2,
  "focal_weight": 0.15,
  "focal_alpha": 0.15,
  "ordinal_alpha": 0.02897543464990724,
  "label_smoothing": 0.037442171445485006,
  "warmup_epochs": 5,
  "ramp_epochs": 15,
  "context_dropout_prob": 0.1899712137352118,
  "train_input_noise_std": 0.015619254155909791,
  "train_channel_dropout_prob": 0.03167791554686345,
  "train_timestep_dropout_prob": 0.0,
  "loss_gap_penalty_weight": 0.1756347669204202,
  "sector_emb_dim": 8,
  "ticker_emb_dim": 4,
  "company_emb_dim": 4,
  "max_relative_position": 8
}