{
  "hidden_size": 50,
  "d_model": 41,
  "n_heads": 1,
  "n_layers": 1,
  "dropout": 0.41811915197443333,
  "pre_lstm_dropout": 0.3057090289333881,
  "batch_size": 32,
  "lr": 5.6242661106559356e-05,
  "max_lr": 0.00040000000000000013,
  "weight_decay": 0.0008000000000000004,
  "context_dropout_prob": 0.26564388845664544,
  "train_input_noise_std": 0.005244488279579338,
  "train_channel_dropout_prob": 0.025302408384575155,
  "train_timestep_dropout_prob": 0.06280099294105727,
  "loss_gap_penalty_weight": 0.32123976770381585,
  "sector_emb_dim": 8,
  "ticker_emb_dim": 4,
  "company_emb_dim": 4,
  "max_relative_position": 8
}