epoch,train_Loss,val_Loss,train_Objective_Loss,val_Objective_Loss,train_CE_Loss,val_CE_Loss,train_Aux_Loss,val_Aux_Loss,val_LossGap,train_Accuracy,val_Accuracy,train_Macro_F1,val_Macro_F1,train_Class0_Precision,val_Class0_Precision,train_Class0_Recall,val_Class0_Recall,train_Class0_F1,val_Class0_F1,train_Class0_F2,val_Class0_F2,train_ChgAcc,val_ChgAcc,train_Ordinal_MAE,val_Ordinal_MAE,train_AUC,val_AUC,train_QWK,val_QWK,train_PersistenceAcc,val_PersistenceAcc,Learning_Rate,context_mask_prob,val_MetricScore,val_CheckpointScore,val_BalancedEligible,checkpoint_event
1,0.3375488519668579,0.3348693251609802,0.41058555245399475,0.4077762961387634,0.3375488519668579,0.3348693251609802,0.0,0.0,0.0,0.9205506717531929,0.9222737819025522,0.8297846298075194,0.8385356600694757,0.6334841628959276,0.6285714285714286,0.6763285024154589,0.7333333333333333,0.6542056074766355,0.676923076923077,0.667302192564347,0.7096774193548386,0.0,0.0,0.08011278819041301,0.07888631090487239,0.9052710245660212,0.919423621045064,0.8686628450344477,0.8710992241173052,0.9205506717531929,0.9222737819025522,0.001,0.2,0.8349061451563148,0.7752295582905677,True,metric+loss+balanced
2,0.3095562756061554,0.305705189704895,0.3933379054069519,0.3894341289997101,0.3095562756061554,0.305705189704895,0.0,0.0,0.0,0.9205506717531929,0.9222737819025522,0.8297846298075194,0.8385356600694757,0.6334841628959276,0.6285714285714286,0.6763285024154589,0.7333333333333333,0.6542056074766355,0.676923076923077,0.667302192564347,0.7096774193548386,0.0,0.0,0.08011278819041301,0.07888631090487239,0.9286506111190702,0.9320105006804565,0.8686628450344477,0.8710992241173052,0.9205506717531929,0.9222737819025522,0.001,0.1925,0.8349061451563148,0.7810623853817847,True,loss+balanced
