Split,Accuracy,Macro_F1,AUC,QWK
Val,0.9222737819025522,0.8352586786769222,0.9559746502671458,0.8700409218177902
Test,0.9233894370284388,0.8234249147783697,0.9580141195988499,0.8725797660360615
