Split,Accuracy,Macro_F1,AUC,QWK
Val,0.9187935034802784,0.8219714611853698,0.9635278537080243,0.8627813564422502
Test,0.9199071387115496,0.8100450843297348,0.9585140754942425,0.866916644526553
