Metric,BestValue,BestEpoch
Train Loss,0.28983100002570067,99
Val Loss,0.2871062549526896,91
Train Accuracy,0.9250290263725327,100
Val Accuracy,0.9222737819025522,2
Val Macro_F1,0.8386683477325126,32
Val ChgAcc,0.029850746268656716,32
Final Loss Gap,-0.006830231728481129,100
Final ValLoss Drift,0.0003367886465829306,100
ValLoss Last10 Mean,0.28749334705332313,100
ValLoss Last10 Std,0.00017186938925638326,100
