Split,Accuracy,Macro_F1,Weighted_F1,AUC,QWK,ChgAcc,PersistenceRate
Val,0.9245939675174014,0.8368601428727583,0.9242524881951719,0.9514596900825794,0.8705659977388355,0.07462686567164178,0.9907192575406032
Test,0.9204875217643644,0.7982637521859139,0.919683522267368,0.951306850142423,0.8650121769962216,0.03076923076923077,0.9912942542077772
