,precision,recall,f1-score,support
Distressed,0.6923076923076923,0.4576271186440678,0.5510204081632653,59.0
HY,0.8647260273972602,0.9033989266547406,0.8836395450568679,559.0
IG,0.9609090909090909,0.9565610859728507,0.9587301587301588,1105.0
accuracy,0.922228670922809,0.922228670922809,0.922228670922809,0.922228670922809
macro avg,0.8393142702046812,0.7725290437572198,0.7977967039834306,1723.0
weighted avg,0.9205064124293486,0.922228670922809,0.9204071591208633,1723.0
