,precision,recall,f1-score,support
0,0.5932203389830508,0.5932203389830508,0.5932203389830508,59.0
1,0.872791519434629,0.8837209302325582,0.8782222222222222,559.0
2,0.9617486338797814,0.9556561085972851,0.958692691783931,1105.0
accuracy,0.9199071387115496,0.9199071387115496,0.9199071387115496,0.9199071387115496
macro avg,0.8092534974324871,0.810865792604298,0.8100450843297348,1723.0
weighted avg,0.9202685431231086,0.9199071387115496,0.9200706016502995,1723.0
