,precision,recall,f1-score,support
0,0.5,0.4745762711864407,0.48695652173913045,59.0
1,0.8469601677148847,0.8505263157894737,0.8487394957983193,475.0
2,0.9292604501607717,0.9307568438003221,0.9300080450522928,621.0
accuracy,0.8744588744588745,0.8744588744588745,0.8744588744588745,0.8744588744588745
macro avg,0.7587402059585523,0.7519531435920789,0.7552346875299142,1155.0
weighted avg,0.8734864235622593,0.8744588744588745,0.8739538452504626,1155.0
