,precision,recall,f1-score,support
0,0.639344262295082,0.6610169491525424,0.65,59.0
1,0.8814159292035398,0.8908765652951699,0.8861209964412812,559.0
2,0.9635369188696444,0.9565610859728507,0.9600363306085377,1105.0
accuracy,0.9251305861868834,0.9251305861868834,0.9251305861868834,0.9251305861868834
macro avg,0.8280990367894221,0.836151533473521,0.8320524423499397,1723.0
weighted avg,0.9257928678184247,0.9251305861868834,0.9254392236408069,1723.0
