,precision,recall,f1-score,support
0,0.6271186440677966,0.6271186440677966,0.6271186440677966,59.0
1,0.8780918727915195,0.889087656529517,0.8835555555555555,559.0
2,0.9626593806921676,0.9565610859728507,0.9596005447117567,1105.0
accuracy,0.9233894370284388,0.9233894370284388,0.9233894370284388,0.9233894370284388
macro avg,0.8226232991838279,0.8242557955233881,0.8234249147783697,1723.0
weighted avg,0.923733007867269,0.9233894370284388,0.9235439103087909,1723.0
