Metric,BestValue,BestEpoch
Train Loss,0.2177632464046092,77
Val Loss,0.27070020668191314,31
Train Accuracy,0.9404026538549531,75
Val Accuracy,0.9245939675174014,31
Val Macro_F1,0.8368601428727583,31
Val ChgAcc,0.3582089552238806,3
Final Loss Gap,0.05647276367159057,100
Final ValLoss Drift,0.007670772220861599,100
ValLoss Last10 Mean,0.27839330574475973,100
ValLoss Last10 Std,2.298774168868065e-05,100
