Split,Accuracy,Macro_F1,AUC,QWK
Val,0.9173478655767484,0.8040748759581237,0.9200318487621061,0.8387511012567349
Test,0.8744588744588745,0.7552346875299142,0.8896713762392933,0.8166481820346538
