,precision,recall,f1-score,support
0,0.6122448979591837,0.5084745762711864,0.5555555555555556,59.0
1,0.8678260869565217,0.8926654740608229,0.8800705467372134,559.0
2,0.9617834394904459,0.9565610859728507,0.9591651542649727,1105.0
accuracy,0.9204875217643644,0.9204875217643644,0.9204875217643644,0.9204875217643644
macro avg,0.8139514748020504,0.7859003787682867,0.7982637521859139,1723.0
weighted avg,0.9193313593878294,0.9204875217643644,0.919683522267368,1723.0
