{
  "current_ratio_ks_stat": 0.4934004981278968,
  "current_ratio_ks_pval": 4.56e-321,
  "debt_equity_ratio_ks_stat": 0.23748138618107445,
  "debt_equity_ratio_ks_pval": 1.1867002216523406e-92,
  "gross_profit_margin_ks_stat": 0.35576927771454964,
  "gross_profit_margin_ks_pval": 5.318307645637405e-210,
  "operating_profit_margin_ks_stat": 0.29034476388407804,
  "operating_profit_margin_ks_pval": 6.036961473073265e-139,
  "ebit_margin_ks_stat": 0.2863676579741699,
  "ebit_margin_ks_pval": 3.976905682151101e-135,
  "pretax_profit_margin_ks_stat": 0.30483104887261453,
  "pretax_profit_margin_ks_pval": 2.3676958430129444e-153,
  "net_profit_margin_ks_stat": 0.3216372243389909,
  "net_profit_margin_ks_pval": 5.3854053060028315e-171,
  "asset_turnover_ks_stat": 0.35996212908440134,
  "asset_turnover_ks_pval": 4.34942440682246e-215,
  "roe_ks_stat": 0.3935412934831016,
  "roe_ks_pval": 3.186878903108166e-258,
  "roa_ks_stat": 0.3216645389018094,
  "roa_ks_pval": 4.964062483860425e-171,
  "rating_agency_js_div": 0.6632396508468561,
  "sector_js_div": 0.4753973959550761,
  "source_js_div": 0.18144833903505647,
  "current_ratio_lag1_autocorr_real": 0.3614682418461576,
  "current_ratio_lag1_autocorr_synth": 0.3941249161921507,
  "current_ratio_lag1_autocorr_abs_drift": 0.032656674345993064,
  "debt_equity_ratio_lag1_autocorr_real": 0.41013201653642506,
  "debt_equity_ratio_lag1_autocorr_synth": 0.3908074947606538,
  "debt_equity_ratio_lag1_autocorr_abs_drift": 0.019324521775771264,
  "gross_profit_margin_lag1_autocorr_real": 0.480896108683133,
  "gross_profit_margin_lag1_autocorr_synth": 0.4939879122427076,
  "gross_profit_margin_lag1_autocorr_abs_drift": 0.013091803559574622,
  "operating_profit_margin_lag1_autocorr_real": 0.44767078788129655,
  "operating_profit_margin_lag1_autocorr_synth": 0.2970459309502812,
  "operating_profit_margin_lag1_autocorr_abs_drift": 0.15062485693101535,
  "ebit_margin_lag1_autocorr_real": 0.44260364867275764,
  "ebit_margin_lag1_autocorr_synth": 0.35929090098485406,
  "ebit_margin_lag1_autocorr_abs_drift": 0.08331274768790359,
  "pretax_profit_margin_lag1_autocorr_real": 0.4269391977444953,
  "pretax_profit_margin_lag1_autocorr_synth": 0.3564578154007589,
  "pretax_profit_margin_lag1_autocorr_abs_drift": 0.07048138234373641,
  "net_profit_margin_lag1_autocorr_real": 0.4276722986246065,
  "net_profit_margin_lag1_autocorr_synth": 0.30845458793557534,
  "net_profit_margin_lag1_autocorr_abs_drift": 0.11921771068903114,
  "asset_turnover_lag1_autocorr_real": 0.4295650920233684,
  "asset_turnover_lag1_autocorr_synth": 0.3094046533780982,
  "asset_turnover_lag1_autocorr_abs_drift": 0.1201604386452702
}