{
  "current_ratio_ks_stat": 0.6038403766241762,
  "current_ratio_ks_pval": 2.623e-321,
  "debt_equity_ratio_ks_stat": 0.4421221376444616,
  "debt_equity_ratio_ks_pval": 6.126e-321,
  "gross_profit_margin_ks_stat": 0.4390443119956456,
  "gross_profit_margin_ks_pval": 6.196e-321,
  "operating_profit_margin_ks_stat": 0.5565689167793678,
  "operating_profit_margin_ks_pval": 3.666e-321,
  "ebit_margin_ks_stat": 0.5918612930976139,
  "ebit_margin_ks_pval": 2.89e-321,
  "pretax_profit_margin_ks_stat": 0.68450602772189,
  "pretax_profit_margin_ks_pval": 8.15e-322,
  "net_profit_margin_ks_stat": 0.6939603319182741,
  "net_profit_margin_ks_pval": 6.03e-322,
  "asset_turnover_ks_stat": 0.45201864657472907,
  "asset_turnover_ks_pval": 5.92e-321,
  "roe_ks_stat": 0.7434802313452787,
  "roe_ks_pval": 0.0,
  "roa_ks_stat": 0.6683803195477908,
  "roa_ks_pval": 1.18e-321,
  "rating_agency_js_div": 0.7887917145534709,
  "sector_js_div": 0.7472555291868662,
  "source_js_div": 0.1645165662887344,
  "current_ratio_lag1_autocorr_real": 0.3487239856118608,
  "current_ratio_lag1_autocorr_synth": 0.38907337036436873,
  "current_ratio_lag1_autocorr_abs_drift": 0.04034938475250793,
  "debt_equity_ratio_lag1_autocorr_real": 0.41781069798913995,
  "debt_equity_ratio_lag1_autocorr_synth": 0.33814986562384064,
  "debt_equity_ratio_lag1_autocorr_abs_drift": 0.0796608323652993,
  "gross_profit_margin_lag1_autocorr_real": 0.44473923397966764,
  "gross_profit_margin_lag1_autocorr_synth": 0.06974511019583896,
  "gross_profit_margin_lag1_autocorr_abs_drift": 0.3749941237838287,
  "operating_profit_margin_lag1_autocorr_real": 0.4072646910032858,
  "operating_profit_margin_lag1_autocorr_synth": 0.5581220940201157,
  "operating_profit_margin_lag1_autocorr_abs_drift": 0.15085740301682993,
  "ebit_margin_lag1_autocorr_real": 0.4127855914101188,
  "ebit_margin_lag1_autocorr_synth": 0.4664823968194996,
  "ebit_margin_lag1_autocorr_abs_drift": 0.05369680540938082,
  "pretax_profit_margin_lag1_autocorr_real": 0.40219862438168313,
  "pretax_profit_margin_lag1_autocorr_synth": 0.3739208498632473,
  "pretax_profit_margin_lag1_autocorr_abs_drift": 0.028277774518435828,
  "net_profit_margin_lag1_autocorr_real": 0.40574075439505936,
  "net_profit_margin_lag1_autocorr_synth": 0.15148212833471006,
  "net_profit_margin_lag1_autocorr_abs_drift": 0.2542586260603493,
  "asset_turnover_lag1_autocorr_real": 0.43681311558901526,
  "asset_turnover_lag1_autocorr_synth": -0.10583817495206753,
  "asset_turnover_lag1_autocorr_abs_drift": 0.5426512905410827
}