Metric,BestValue,BestEpoch
Train Loss,0.23157096153891787,78
Val Loss,0.2795580641437849,78
Train Accuracy,0.9288492335849919,78
Val Accuracy,0.9118329466357309,78
