,precision,recall,f1-score,support
Distressed,0.5714285714285714,0.2033898305084746,0.3,59.0
HY,0.8441127694859039,0.9105545617173524,0.8760757314974182,559.0
IG,0.9581437670609645,0.9529411764705882,0.9555353901996371,1105.0
accuracy,0.9135229251305862,0.9135229251305862,0.9135229251305862,0.9135229251305862
macro avg,0.7912283693251466,0.6889618562321385,0.7105370405656851,1723.0
weighted avg,0.9079060861632453,0.9135229251305862,0.9073087290061843,1723.0
