Model,Split,Accuracy,Macro_F1,Weighted_F1,AUC,QWK
FI_TTLPXL,Test,0.9216482878699942,0.7595952678169543,0.9181603982018268,0.9723657845508904,0.8649119536412879
FI_TTLPXL,Test,0.9216482878699942,0.7595952678169543,0.9181603982018268,0.9724213266625984,0.8649119536412879
FI_TTLPXL,Val,0.925754060324826,0.7788545997630759,0.9208781417518954,0.9795302583673876,0.8687051387011404
FI_TTLPXL,Val,0.925754060324826,0.7788545997630759,0.9208781417518954,0.9790524949766836,0.8687051387011404
