{
  "current_ratio_ks_stat": 0.37152033595147366,
  "current_ratio_ks_pval": 5.463441793106566e-168,
  "debt_equity_ratio_ks_stat": 0.3369265624594966,
  "debt_equity_ratio_ks_pval": 1.3889341813365577e-137,
  "gross_profit_margin_ks_stat": 0.2034589522254193,
  "gross_profit_margin_ks_pval": 8.658510509388561e-50,
  "operating_profit_margin_ks_stat": 0.11497856235580786,
  "operating_profit_margin_ks_pval": 3.975952399499818e-16,
  "ebit_margin_ks_stat": 0.1048608238069316,
  "ebit_margin_ks_pval": 1.7511183118361645e-13,
  "pretax_profit_margin_ks_stat": 0.17793462425797754,
  "pretax_profit_margin_ks_pval": 4.029744434407121e-38,
  "net_profit_margin_ks_stat": 0.18936734323560672,
  "net_profit_margin_ks_pval": 3.773678340574913e-43,
  "asset_turnover_ks_stat": 0.2772607512248231,
  "asset_turnover_ks_pval": 1.1409682723704855e-92,
  "roe_ks_stat": 0.2736638929932343,
  "roe_ks_pval": 2.924402457108482e-90,
  "roa_ks_stat": 0.12591067216216917,
  "roa_ks_pval": 2.9306438419400385e-19,
  "rating_agency_js_div": 0.3539892378637816,
  "sector_js_div": 0.384559333017634,
  "source_js_div": 0.18144833903505647,
  "current_ratio_lag1_autocorr_real": 0.3614682418461576,
  "current_ratio_lag1_autocorr_synth": 0.41097807498369565,
  "current_ratio_lag1_autocorr_abs_drift": 0.04950983313753804,
  "debt_equity_ratio_lag1_autocorr_real": 0.41013201653642506,
  "debt_equity_ratio_lag1_autocorr_synth": 0.5160735165248584,
  "debt_equity_ratio_lag1_autocorr_abs_drift": 0.10594149998843339,
  "gross_profit_margin_lag1_autocorr_real": 0.480896108683133,
  "gross_profit_margin_lag1_autocorr_synth": 0.47252388208537294,
  "gross_profit_margin_lag1_autocorr_abs_drift": 0.008372226597760046,
  "operating_profit_margin_lag1_autocorr_real": 0.44767078788129655,
  "operating_profit_margin_lag1_autocorr_synth": 0.5443176145919381,
  "operating_profit_margin_lag1_autocorr_abs_drift": 0.09664682671064151,
  "ebit_margin_lag1_autocorr_real": 0.44260364867275764,
  "ebit_margin_lag1_autocorr_synth": 0.5471175812199716,
  "ebit_margin_lag1_autocorr_abs_drift": 0.10451393254721392,
  "pretax_profit_margin_lag1_autocorr_real": 0.4269391977444953,
  "pretax_profit_margin_lag1_autocorr_synth": 0.5501541920243442,
  "pretax_profit_margin_lag1_autocorr_abs_drift": 0.12321499427984894,
  "net_profit_margin_lag1_autocorr_real": 0.4276722986246065,
  "net_profit_margin_lag1_autocorr_synth": 0.5167048182611759,
  "net_profit_margin_lag1_autocorr_abs_drift": 0.08903251963656938,
  "asset_turnover_lag1_autocorr_real": 0.4295650920233684,
  "asset_turnover_lag1_autocorr_synth": 0.5186539609493472,
  "asset_turnover_lag1_autocorr_abs_drift": 0.08908886892597884
}