Model,Split,Accuracy,Macro_F1,AUC,QWK
XGBoost,Test,0.9204875217643644,0.7973030629421968,0.960197400232464,0.8642830779756225
XGBoost,Test,0.9204875217643644,0.7973030629421968,0.9600799846404536,0.8642830779756225
XGBoost,Val,0.9187935034802784,0.7948739361954179,0.955722196941564,0.8575077557120536
XGBoost,Val,0.9187935034802784,0.7948739361954179,0.953466238265136,0.8575077557120536
