Model,Split,Accuracy,Macro_F1,AUC,QWK
XGBoost,Test,0.9199071387115496,0.7894595543724757,0.9623330671733976,0.8624278072019802
XGBoost,Val,0.919953596287703,0.7932141996426445,0.9554951509173248,0.857616106742037
