accuracy,precision_weighted,recall_weighted,f1_macro,f1_weighted,qwk,auc
0.8787878787878788,0.8744432400990062,0.8787878787878788,0.7487095815422561,0.875707058781439,0.8199512298321995,0.9339602784964035
