Split,Accuracy,Precision_Weighted,Recall_Weighted,Macro_F1,Weighted_F1,AUC,QWK
Val,0.919953596287703,0.9182545374192705,0.919953596287703,0.7932141996426445,0.9176748388908339,0.9554951509173248,0.857616106742037
Test,0.9199071387115496,0.9184111867906072,0.9199071387115496,0.7894595543724757,0.9185275533977513,0.9623330671733975,0.8624278072019802
