accuracy,precision_weighted,recall_weighted,f1_macro,f1_weighted,qwk,auc
0.9199071387115496,0.9184111867906072,0.9199071387115496,0.7894595543724757,0.9185275533977513,0.8624278072019802,0.964094215513572
