,precision,recall,f1-score,support
0,0.047619047619047616,0.01694915254237288,0.025,59.0
1,0.805352798053528,0.592128801431127,0.6824742268041237,559.0
2,0.8109992254066615,0.9475113122171945,0.8739565943238731,1105.0
accuracy,0.800348229831689,0.800348229831689,0.800348229831689,0.800348229831689
macro avg,0.5546570236930791,0.5188630887302315,0.5271436070426656,1723.0
weighted avg,0.7830272095158484,0.800348229831689,0.7827626984976117,1723.0
