case,count,ratio
agreement_all,1614,0.9367382472431804
disagreement_dcs,109,0.0632617527568195
