,precision,recall,f1-score,support
Distressed,0.6956521739130435,0.2711864406779661,0.3902439024390244,59.0
HY,0.8629441624365483,0.9123434704830053,0.8869565217391304,559.0
IG,0.9612263300270514,0.9647058823529412,0.9629629629629629,1105.0
accuracy,0.9239698200812536,0.9239698200812536,0.9239698200812536,0.9239698200812536
macro avg,0.8399408887922144,0.7160785978379708,0.7467211290470392,1723.0
weighted avg,0.9202462912030133,0.9239698200812536,0.9186924898259722,1723.0
