,precision,recall,f1-score,support
Distressed,0.6,0.4067796610169492,0.48484848484848486,59.0
HY,0.8593481989708405,0.8962432915921288,0.8774080560420315,559.0
IG,0.9609090909090909,0.9565610859728507,0.9587301587301588,1105.0
accuracy,0.918165989553105,0.918165989553105,0.918165989553105,0.918165989553105
macro avg,0.8067524299599772,0.7531946795273096,0.7736622332068918,1723.0
weighted avg,0.9156008059658997,0.918165989553105,0.9161195527164142,1723.0
