,precision,recall,f1-score,support
0,0.45714285714285713,0.5423728813559322,0.49612403100775193,59.0
1,0.8231292517006803,0.8658318425760286,0.8439407149084568,559.0
2,0.9624413145539906,0.9276018099547512,0.9447004608294931,1105.0
accuracy,0.8943702843876958,0.8943702843876958,0.8943702843876958,0.8943702843876958
macro avg,0.7475711411325093,0.7786021779622373,0.7615884022485672,1723.0
weighted avg,0.8999409941115893,0.8943702843876958,0.8966501373649882,1723.0
