accuracy,f1_macro,f1_weighted,auc_roc_ovr,mae_raw,n_samples,n_classes
0.03869969040247678,0.008438313846610531,0.008831786899490612,0.4674562704842026,5.071207430340557,646,22
