,precision,recall,f1-score,support
0,0.5106382978723404,0.4067796610169492,0.4528301886792453,59.0
1,0.8418891170431212,0.8631578947368421,0.8523908523908524,475.0
2,0.9307568438003221,0.9307568438003221,0.9307568438003221,621.0
accuracy,0.8761904761904762,0.8761904761904762,0.8761904761904762,0.8761904761904762
macro avg,0.7610947529052612,0.7335647998513711,0.7453259616234732,1155.0
weighted avg,0.8727489092380526,0.8761904761904762,0.8741148363789873,1155.0
