,precision,recall,f1-score,support
0,0.5333333333333333,0.2711864406779661,0.3595505617977528,59.0
1,0.8487394957983193,0.9033989266547406,0.8752166377816292,559.0
2,0.9581056466302368,0.9520361990950226,0.9550612800726282,1105.0
accuracy,0.9129425420777714,0.9129425420777714,0.9129425420777714,0.9129425420777714
macro avg,0.7800594919206297,0.7088738554759098,0.7299428265506701,1723.0
weighted avg,0.908078226549239,0.9129425420777714,0.908765117902642,1723.0
