Metric,BestValue,BestEpoch
Train Loss,0.2479496288663652,88
Val Loss,0.2926299733794759,94
Train Accuracy,0.9330816746739876,97
Val Accuracy,0.9222737819025522,90
Val Macro_F1,0.7920463130855243,97
Val ChgAcc,0.417910447761194,1
Final Loss Gap,0.041060688927348155,100
Final ValLoss Drift,0.0010978046398428254,100
ValLoss Last10 Mean,0.293711340330593,100
ValLoss Last10 Std,0.0006712541259576696,100
