,precision,recall,f1-score,support
0,0.6415094339622641,0.576271186440678,0.6071428571428571,59.0
1,0.871304347826087,0.8962432915921288,0.8835978835978836,559.0
2,0.9634703196347032,0.9547511312217195,0.9590909090909091,1105.0
accuracy,0.922809053975624,0.922809053975624,0.922809053975624,0.922809053975624
macro avg,0.8254280338076848,0.8090885364181754,0.8166105499438833,1723.0
weighted avg,0.9225437552146856,0.922809053975624,0.9225467789019732,1723.0
