,precision,recall,f1-score,support
0,0.6610169491525424,0.6610169491525424,0.6610169491525424,59.0
1,0.8767605633802817,0.8908765652951699,0.8837622005323869,559.0
2,0.9625912408759124,0.9547511312217195,0.9586551567469332,1105.0
accuracy,0.9239698200812536,0.9239698200812536,0.9239698200812536,0.9239698200812536
macro avg,0.8334562511362456,0.8355482152231439,0.8344781021439541,1723.0
weighted avg,0.9244181521169244,0.9239698200812536,0.9241654197927831,1723.0
