Split,Accuracy,Macro_F1,AUC,QWK
Val,0.9196185286103542,0.80204662966984,0.9339880920006465,0.8408466170988116
Test,0.8761904761904762,0.7453259616234732,0.918148187768526,0.8150508245554771
