Split,Accuracy,Macro_F1,Weighted_F1,AUC,QWK,ChgAcc,PersistenceRate
Val,0.9211136890951276,0.8311172287049139,0.9216772199418974,0.9581969854421543,0.8687232682548058,0.0,0.9988399071925754
Test,0.9239698200812536,0.8344781021439541,0.9241654197927831,0.952838588053554,0.8764051465503033,0.007692307692307693,0.9976784677887406
