Split,Accuracy,Macro_F1,AUC,QWK
Val,0.9187935034802784,0.8143344235465494,0.9560801319826343,0.8678713135789925
Test,0.922809053975624,0.8166105499438833,0.9565896275936545,0.8700856899549374
