,precision,recall,f1-score,support
Distressed,0.6379310344827587,0.6271186440677966,0.6324786324786325,59.0
HY,0.879646017699115,0.889087656529517,0.8843416370106761,559.0
IG,0.9609090909090909,0.9565610859728507,0.9587301587301588,1105.0
accuracy,0.9233894370284388,0.9233894370284388,0.9233894370284388,0.9233894370284388
macro avg,0.8261620476969882,0.8242557955233881,0.8251834760731559,1723.0
weighted avg,0.9234849683011221,0.9233894370284388,0.923424283112033,1723.0
