Split,Accuracy,Precision_Weighted,Recall_Weighted,Macro_F1,Weighted_F1,AUC,QWK,Ordinal_MAE
Val,0.9037122969837587,0.9004204255979064,0.9037122969837587,0.753796867887215,0.9008993810454269,0.9535496055976799,0.8356571554579576,0.0962877030162413
Test,0.9071387115496228,0.9051902448989304,0.9071387115496228,0.7815145408249576,0.9046480983413593,0.9620966252882136,0.8372194655725334,0.0934416715031921
