,precision,recall,f1-score,support
0,0.7352941176470589,0.423728813559322,0.5376344086021505,59.0
1,0.8460207612456747,0.8747763864042933,0.8601583113456465,559.0
2,0.9441944194419442,0.9493212669683257,0.9467509025270758,1105.0
accuracy,0.9071387115496228,0.9071387115496228,0.9071387115496228,0.9071387115496228
macro avg,0.841836432778226,0.7492754889773137,0.7815145408249576,1723.0
weighted avg,0.9051902448989304,0.9071387115496228,0.9046480983413593,1723.0
