{
  "hidden": 96,
  "heads": 2,
  "dropout": 0.24017929655744263,
  "lr": 0.0030853649108458785,
  "weight_decay": 5.0286478088204814e-05,
  "knn_k": 8,
  "max_epochs": 200,
  "patience": 35
}