,precision,recall,f1-score,support
0,0.6290322580645161,0.6610169491525424,0.6446280991735537,59.0
1,0.875,0.889087656529517,0.8819875776397516,559.0
2,0.9634034766697164,0.9529411764705882,0.9581437670609645,1105.0
accuracy,0.922228670922809,0.922228670922809,0.922228670922809,0.922228670922809
macro avg,0.8224785782447442,0.8343485940508826,0.8282531479580899,1723.0
weighted avg,0.9232726320057129,0.922228670922809,0.9227005086211414,1723.0
