Model,Split,Accuracy,Macro_F1,Weighted_F1,AUC,QWK
FR_TTX,Test,0.922809053975624,0.7851863720625621,0.9204041722777978,0.9728758448165892,0.8678949865478969
FR_TTX,Test,0.922809053975624,0.7851863720625621,0.9204041722777978,0.9726796550471944,0.8678949865478969
FR_TTX,Val,0.9234338747099768,0.8145178542413912,0.9218153005110864,0.9759460763403556,0.8646757158913547
FR_TTX,Val,0.9234338747099768,0.8145178542413912,0.9218153005110864,0.9742047857093956,0.8646757158913547
