Model,Split,Accuracy,Macro_F1,AUC,QWK
XGBoost,Test,0.8787878787878788,0.7487095815422561,0.9193543911532108,0.8199512298321995
XGBoost,Val,0.913260672116258,0.7706491657935972,0.941469879030922,0.8272340425531914
