accuracy,precision_weighted,recall_weighted,f1_macro,f1_weighted,qwk,auc
0.9204875217643644,0.9193771148303871,0.9204875217643644,0.7973030629421968,0.9194961953210753,0.8642830779756225,0.9646821175270764
