epoch,train_Loss,val_Loss,train_CE_Loss,val_CE_Loss,train_Aux_Loss,val_Aux_Loss,val_LossGap,train_Accuracy,val_Accuracy,train_Macro_F1,val_Macro_F1,train_Class0_Precision,val_Class0_Precision,train_Class0_Recall,val_Class0_Recall,train_Class0_F1,val_Class0_F1,train_Class0_F2,val_Class0_F2,train_ChgAcc,val_ChgAcc,train_Ordinal_MAE,val_Ordinal_MAE,train_AUC,val_AUC,train_QWK,val_QWK,train_PersistenceAcc,val_PersistenceAcc,Learning_Rate,context_mask_prob,val_MetricScore,val_CheckpointScore,val_BalancedEligible,checkpoint_event
1,0.36635538935661316,0.3635657727718353,0.366354763507843,0.3635651469230652,6.372149528033333e-07,6.380111017278978e-07,0.0,0.9205506717531929,0.9222737819025522,0.8297846298075194,0.8385356600694757,0.6334841628959276,0.6285714285714286,0.6763285024154589,0.7333333333333333,0.6542056074766355,0.676923076923077,0.667302192564347,0.7096774193548386,0.0,0.0,0.08011278819041301,0.07888631090487239,0.9041295853455384,0.9182229093962224,0.8686628450344477,0.8710992241173052,0.9205506717531929,0.9222737819025522,0.001,0.2,0.8349061451563148,0.7694903939381508,True,metric+loss+balanced
2,0.34243836998939514,0.33843404054641724,0.3424372971057892,0.3384329676628113,1.0614210168569116e-06,1.0587197039058083e-06,0.0,0.9205506717531929,0.9222737819025522,0.8297846298075194,0.8385356600694757,0.6334841628959276,0.6285714285714286,0.6763285024154589,0.7333333333333333,0.6542056074766355,0.676923076923077,0.667302192564347,0.7096774193548386,0.0,0.0,0.08011278819041301,0.07888631090487239,0.9266800845341687,0.9301626823890544,0.8686628450344477,0.8710992241173052,0.9205506717531929,0.9222737819025522,0.001,0.1925,0.8349061451563148,0.7745168297902015,True,loss+balanced
