,precision,recall,f1-score,support
Distressed,0.7241379310344828,0.3559322033898305,0.4772727272727273,59.0
HY,0.8777969018932874,0.9123434704830053,0.8947368421052632,559.0
IG,0.9622641509433962,0.9692307692307692,0.9657348963029756,1105.0
accuracy,0.9297736506094022,0.9297736506094022,0.9297736506094022,0.9297736506094022
macro avg,0.8547329946237222,0.745835481034535,0.7792481552269886,1723.0
weighted avg,0.926706031852487,0.9297736506094022,0.9259744898785379,1723.0
