Model,Split,Accuracy,Macro_F1,Weighted_F1,AUC,QWK
FI_PLL,Test,0.9233894370284388,0.8027771859752478,0.922161218418166,0.961974809110576,0.8684836193253682
FI_PLL,Test,0.9233894370284388,0.8027771859752478,0.922161218418166,0.9620248558979086,0.8684836193253682
FI_PLL,Val,0.9222737819025522,0.8149884470212139,0.9211794556255134,0.9597804516496952,0.8644775851226305
FI_PLL,Val,0.9222737819025522,0.8149884470212139,0.9211794556255134,0.9581272284693468,0.8644775851226305
