accuracy,precision_weighted,recall_weighted,f1_macro,f1_weighted,qwk,auc
0.922809053975624,0.9223162285700388,0.922809053975624,0.8142979086641059,0.922368676258469,0.869533796341147,0.9529103219366711
