accuracy,precision_weighted,recall_weighted,f1_macro,f1_weighted,qwk,auc
0.8614718614718615,0.8570815656722572,0.8614718614718615,0.7324903008235161,0.858740782891648,0.7919983471677017,0.9162061179533957
