Metric,BestValue,BestEpoch
Train Loss,0.2583979668755794,97
Val Loss,0.2736060953679605,85
Train Accuracy,0.9295355753832075,95
Val Accuracy,0.9269141531322506,85
Val Macro_F1,0.859818626617265,85
Val ChgAcc,0.29850746268656714,1
Final Loss Gap,0.012542720322851308,100
Final ValLoss Drift,0.0028945158155777584,100
ValLoss Last10 Mean,0.2764839165725177,100
ValLoss Last10 Std,0.0007492012557921554,100
