Split,Accuracy,Macro_F1,AUC,QWK
Val,0.9187935034802784,0.8187996661605617,0.9589537142300012,0.8634033038834741
Test,0.9210679048171794,0.8132451880823824,0.954299906027531,0.8665037790082258
