Split,Accuracy,Macro_F1,Weighted_F1,AUC,QWK,ChgAcc,PersistenceRate
Val,0.9222737819025522,0.8352586786769222,0.9226918966354244,0.9611361835153174,0.8700409218177902,0.014925373134328358,0.9976798143851509
Test,0.9239698200812536,0.8222329247153524,0.9242007139355535,0.9505748150282809,0.8737873843143042,0.023076923076923078,0.995937318630296
