Split,Accuracy,Macro_F1,AUC,QWK
Val,0.9150772025431426,0.8000630829652259,0.9253240093455336,0.8315888751299985
Test,0.8614718614718615,0.7324903008235161,0.8944475927168148,0.7919983471677017
