accuracy,precision_weighted,recall_weighted,f1_macro,f1_weighted,qwk,auc
0.9210679048171794,0.9216950688763503,0.9210679048171794,0.8132451880823824,0.9213675883011205,0.8665037790082258,0.9545422924903828
