accuracy,precision_weighted,recall_weighted,f1_macro,f1_weighted,qwk,auc
0.9239698200812536,0.9244634057572086,0.9239698200812536,0.8222329247153524,0.9242007139355535,0.8737873843143042,0.9584430277771241
