Metric,BestValue,BestEpoch
Train Loss,0.24293115648122052,86
Val Loss,0.2760531526499724,80
Train Accuracy,0.9273621596888584,89
Val Accuracy,0.9280742459396751,64
Val Macro_F1,0.8577262450999789,64
Val ChgAcc,0.34328358208955223,1
Final Loss Gap,0.02591279644858352,100
Final ValLoss Drift,0.000462053788786998,100
ValLoss Last10 Mean,0.27666412133490126,100
ValLoss Last10 Std,8.366512007930518e-05,100
