{
  "current_ratio_ks_stat": 0.11869436611931221,
  "current_ratio_ks_pval": 0.0667435833984653,
  "debt_equity_ratio_ks_stat": 0.16400315143473213,
  "debt_equity_ratio_ks_pval": 0.003108196595609834,
  "gross_profit_margin_ks_stat": 0.19158788079836347,
  "gross_profit_margin_ks_pval": 0.000294720957184343,
  "operating_profit_margin_ks_stat": 0.12584176480345,
  "operating_profit_margin_ks_pval": 0.043936608684543,
  "ebit_margin_ks_stat": 0.12321695140155912,
  "ebit_margin_ks_pval": 0.051376672830327375,
  "pretax_profit_margin_ks_stat": 0.15403881240670095,
  "pretax_profit_margin_ks_pval": 0.006642985610772187,
  "net_profit_margin_ks_stat": 0.1653687731519876,
  "net_profit_margin_ks_pval": 0.0027900920615133726,
  "asset_turnover_ks_stat": 0.1689514568474595,
  "asset_turnover_ks_pval": 0.002093518121787641,
  "roe_ks_stat": 0.146946702051197,
  "roe_ks_pval": 0.011076840874338169,
  "roa_ks_stat": 0.14690661801293747,
  "roa_ks_pval": 0.011108089329535989,
  "rating_agency_js_div": 0.13911677570090009,
  "sector_js_div": 0.27733191179857636,
  "source_js_div": 0.06965622972341746,
  "current_ratio_lag1_autocorr_real": 0.34872398561186074,
  "current_ratio_lag1_autocorr_synth": 0.3782265771429742,
  "current_ratio_lag1_autocorr_abs_drift": 0.029502591531113453,
  "debt_equity_ratio_lag1_autocorr_real": 0.41781069798913995,
  "debt_equity_ratio_lag1_autocorr_synth": 0.26038051552675956,
  "debt_equity_ratio_lag1_autocorr_abs_drift": 0.15743018246238039,
  "gross_profit_margin_lag1_autocorr_real": 0.44473923397966764,
  "gross_profit_margin_lag1_autocorr_synth": 0.28048974756959055,
  "gross_profit_margin_lag1_autocorr_abs_drift": 0.16424948641007708,
  "operating_profit_margin_lag1_autocorr_real": 0.4072646910032858,
  "operating_profit_margin_lag1_autocorr_synth": 0.18327246243114956,
  "operating_profit_margin_lag1_autocorr_abs_drift": 0.22399222857213621,
  "ebit_margin_lag1_autocorr_real": 0.4120458322857279,
  "ebit_margin_lag1_autocorr_synth": 0.17789228289794357,
  "ebit_margin_lag1_autocorr_abs_drift": 0.23415354938778432,
  "pretax_profit_margin_lag1_autocorr_real": 0.4021986243816832,
  "pretax_profit_margin_lag1_autocorr_synth": 0.12416133596477318,
  "pretax_profit_margin_lag1_autocorr_abs_drift": 0.27803728841691,
  "net_profit_margin_lag1_autocorr_real": 0.4050136204266094,
  "net_profit_margin_lag1_autocorr_synth": 0.15613318064371406,
  "net_profit_margin_lag1_autocorr_abs_drift": 0.2488804397828953,
  "asset_turnover_lag1_autocorr_real": 0.43681311558901514,
  "asset_turnover_lag1_autocorr_synth": 0.24720217543471565,
  "asset_turnover_lag1_autocorr_abs_drift": 0.1896109401542995
}