model,accuracy,f1_macro,qwk,auc
LSTM,0.9251305861868834,0.8320524423499397,0.8759548708640443,0.947930578940096
PatchTST,0.9239698200812536,0.8344781021439541,0.8764051465503033,0.952838588053554
TCN,0.9239698200812536,0.8222329247153524,0.8737873843143042,0.9505748150282808
TLSTM,0.9251305861868834,0.8363214016123884,0.8780075910583479,0.9803353706554868
