model,accuracy,f1_macro,qwk,auc
LSTM,0.8458333333333333,0.6599435532651435,0.7231966150276394,0.9049035399471568
PatchTST,0.8069584736251403,0.6261557202067306,0.5850271270622103,0.8893493378314142
TCN,0.8058361391694725,0.6447160916221399,0.6225482379205869,0.8199810665187033
TLSTM,0.9090909090909092,0.8047818378287644,0.806829268292683,0.940279575469945
