accuracy,f1_macro,qwk,auc,n_samples,n_classes
0.9090909090909091,0.8047818378287644,0.806829268292683,0.940279575469945,99,3
